[
{
  "model": "scheme.datasequence",
  "pk": 1,
  "fields": {
    "name": "General information",
    "description": "General information about the product.",
    "date_created": "2016-03-20T16:02:37.999Z",
    "date_modified": "2016-03-28T10:26:38.296Z",
    "author": [
      1
    ]
  }
},
{
  "model": "scheme.datasequence",
  "pk": 2,
  "fields": {
    "name": "Security Assessment",
    "description": "Security assessment information.",
    "date_created": "2016-03-20T16:03:07.592Z",
    "date_modified": "2016-03-28T10:26:53.857Z",
    "author": [
      1
    ]
  }
},
{
  "model": "scheme.datalist",
  "pk": 1,
  "fields": {
    "name": "General Information",
    "description": "General information about the software product.",
    "date_created": "2016-03-20T15:14:22.343Z",
    "date_modified": "2016-03-28T10:31:35.215Z",
    "author": [
      1
    ]
  }
},
{
  "model": "scheme.datalist",
  "pk": 2,
  "fields": {
    "name": "Assessment",
    "description": "Security assessment of the software product.",
    "date_created": "2016-03-20T16:01:33.603Z",
    "date_modified": "2016-03-28T10:34:01.865Z",
    "author": [
      1
    ]
  }
},
{
  "model": "scheme.datalist",
  "pk": 3,
  "fields": {
    "name": "Installation & Configuration",
    "description": "Installation packages, procedure and settings to be applied.",
    "date_created": "2016-03-28T10:21:00.792Z",
    "date_modified": "2016-03-28T10:32:18.016Z",
    "author": [
      1
    ]
  }
},
{
  "model": "scheme.datalist",
  "pk": 4,
  "fields": {
    "name": "Base Information",
    "description": "Base information retrieved from common security sources.",
    "date_created": "2016-03-28T10:21:23.650Z",
    "date_modified": "2016-03-28T10:32:42.212Z",
    "author": [
      1
    ]
  }
},
{
  "model": "scheme.datalist",
  "pk": 5,
  "fields": {
    "name": "Update & Support",
    "description": "Update policy, management and support information.",
    "date_created": "2016-03-28T10:22:20.129Z",
    "date_modified": "2016-03-28T11:14:52.416Z",
    "author": [
      1
    ]
  }
},
{
  "model": "scheme.dataitem",
  "pk": 1,
  "fields": {
    "name": "Name",
    "description": "Complete name of the software product.",
    "date_created": "2016-03-20T15:11:21.893Z",
    "date_modified": "2016-03-28T10:28:14.268Z",
    "author": [
      1
    ]
  }
},
{
  "model": "scheme.dataitem",
  "pk": 2,
  "fields": {
    "name": "System Requirements",
    "description": "System requirements for the given product.",
    "date_created": "2016-03-20T15:11:52.935Z",
    "date_modified": "2016-03-20T15:11:52.935Z",
    "author": [
      1
    ]
  }
},
{
  "model": "scheme.dataitem",
  "pk": 3,
  "fields": {
    "name": "Detected vulnerabilies",
    "description": "Vulnerabilities detected by the vulnerability assessment system.",
    "date_created": "2016-03-20T15:13:14.159Z",
    "date_modified": "2016-03-20T15:13:14.159Z",
    "author": [
      1
    ]
  }
},
{
  "model": "scheme.dataitem",
  "pk": 4,
  "fields": {
    "name": "Vendor",
    "description": "Software product vendor.",
    "date_created": "2016-03-28T10:27:54.109Z",
    "date_modified": "2016-03-28T10:27:54.109Z",
    "author": [
      1
    ]
  }
},
{
  "model": "scheme.dataitem",
  "pk": 5,
  "fields": {
    "name": "Website",
    "description": "Website for the software product.",
    "date_created": "2016-03-28T10:29:14.248Z",
    "date_modified": "2016-03-28T10:29:14.248Z",
    "author": [
      1
    ]
  }
},
{
  "model": "scheme.dataitem",
  "pk": 6,
  "fields": {
    "name": "Known Vulnerabilies",
    "description": "Found known vulnerabilities from common security sources.",
    "date_created": "2016-03-28T10:31:08.016Z",
    "date_modified": "2016-03-28T10:31:08.016Z",
    "author": [
      1
    ]
  }
},
{
  "model": "scheme.dataitem",
  "pk": 7,
  "fields": {
    "name": "Procedure",
    "description": "Installation and settings procedure.",
    "date_created": "2016-03-28T10:32:04.960Z",
    "date_modified": "2016-03-28T10:32:04.960Z",
    "author": [
      1
    ]
  }
},
{
  "model": "scheme.dataitem",
  "pk": 8,
  "fields": {
    "name": "Testing Results",
    "description": "Results of software security testing.",
    "date_created": "2016-03-28T10:33:49.962Z",
    "date_modified": "2016-03-28T10:33:49.962Z",
    "author": [
      1
    ]
  }
},
{
  "model": "scheme.dataitem",
  "pk": 9,
  "fields": {
    "name": "Update Policy",
    "description": "Vendor update policy",
    "date_created": "2016-03-28T11:12:47.230Z",
    "date_modified": "2016-03-28T11:12:47.230Z",
    "author": [
      1
    ]
  }
},
{
  "model": "scheme.dataitem",
  "pk": 10,
  "fields": {
    "name": "Mechanism",
    "description": "Update mechanism of the software product.",
    "date_created": "2016-03-28T11:13:50.707Z",
    "date_modified": "2016-03-28T11:13:50.707Z",
    "author": [
      1
    ]
  }
},
{
  "model": "scheme.dataitem",
  "pk": 11,
  "fields": {
    "name": "Vendor Support",
    "description": "Vendor support information.",
    "date_created": "2016-03-28T11:14:29.993Z",
    "date_modified": "2016-03-28T11:14:29.993Z",
    "author": [
      1
    ]
  }
},
{
  "model": "scheme.manualdataitem",
  "pk": 1,
  "fields": {}
},
{
  "model": "scheme.manualdataitem",
  "pk": 4,
  "fields": {}
},
{
  "model": "scheme.manualdataitem",
  "pk": 7,
  "fields": {}
},
{
  "model": "scheme.manualdataitem",
  "pk": 10,
  "fields": {}
},
{
  "model": "scheme.asdataitem",
  "pk": 3,
  "fields": {
    "call": "OpenVAS"
  }
},
{
  "model": "scheme.asdataitem",
  "pk": 8,
  "fields": {
    "call": "vagrant"
  }
},
{
  "model": "scheme.sedataitem",
  "pk": 2,
  "fields": {
    "max_suggestions": 10,
    "keywords": "system,requirements",
    "api": "py-web-search"
  }
},
{
  "model": "scheme.sedataitem",
  "pk": 5,
  "fields": {
    "max_suggestions": 1,
    "keywords": "website",
    "api": "pws"
  }
},
{
  "model": "scheme.sedataitem",
  "pk": 6,
  "fields": {
    "max_suggestions": 0,
    "keywords": "%name%",
    "api": "cve-search"
  }
},
{
  "model": "scheme.sedataitem",
  "pk": 9,
  "fields": {
    "max_suggestions": 5,
    "keywords": "update,policy",
    "api": "pws"
  }
},
{
  "model": "scheme.sedataitem",
  "pk": 11,
  "fields": {
    "max_suggestions": 3,
    "keywords": "vendor,support",
    "api": "pws"
  }
},
{
  "model": "scheme.itemlistassociations",
  "pk": 1,
  "fields": {
    "item": 1,
    "list": 1,
    "item_order": 1
  }
},
{
  "model": "scheme.itemlistassociations",
  "pk": 2,
  "fields": {
    "item": 4,
    "list": 1,
    "item_order": 2
  }
},
{
  "model": "scheme.itemlistassociations",
  "pk": 3,
  "fields": {
    "item": 3,
    "list": 2,
    "item_order": 1
  }
},
{
  "model": "scheme.itemlistassociations",
  "pk": 4,
  "fields": {
    "item": 5,
    "list": 1,
    "item_order": 3
  }
},
{
  "model": "scheme.itemlistassociations",
  "pk": 5,
  "fields": {
    "item": 2,
    "list": 3,
    "item_order": 1
  }
},
{
  "model": "scheme.itemlistassociations",
  "pk": 6,
  "fields": {
    "item": 7,
    "list": 3,
    "item_order": 2
  }
},
{
  "model": "scheme.itemlistassociations",
  "pk": 8,
  "fields": {
    "item": 6,
    "list": 4,
    "item_order": 1
  }
},
{
  "model": "scheme.itemlistassociations",
  "pk": 9,
  "fields": {
    "item": 8,
    "list": 2,
    "item_order": 2
  }
},
{
  "model": "scheme.itemlistassociations",
  "pk": 10,
  "fields": {
    "item": 9,
    "list": 5,
    "item_order": 1
  }
},
{
  "model": "scheme.itemlistassociations",
  "pk": 11,
  "fields": {
    "item": 11,
    "list": 5,
    "item_order": 2
  }
},
{
  "model": "scheme.itemlistassociations",
  "pk": 12,
  "fields": {
    "item": 10,
    "list": 5,
    "item_order": 3
  }
},
{
  "model": "scheme.listsequenceassociations",
  "pk": 1,
  "fields": {
    "list": 1,
    "sequence": 1,
    "list_order": 1
  }
},
{
  "model": "scheme.listsequenceassociations",
  "pk": 2,
  "fields": {
    "list": 4,
    "sequence": 2,
    "list_order": 1
  }
},
{
  "model": "scheme.listsequenceassociations",
  "pk": 3,
  "fields": {
    "list": 5,
    "sequence": 1,
    "list_order": 2
  }
},
{
  "model": "scheme.listsequenceassociations",
  "pk": 4,
  "fields": {
    "list": 3,
    "sequence": 1,
    "list_order": 3
  }
},
{
  "model": "scheme.listsequenceassociations",
  "pk": 5,
  "fields": {
    "list": 2,
    "sequence": 2,
    "list_order": 2
  }
},
{
  "model": "scheme.sequenceroleassociations",
  "pk": 1,
  "fields": {
    "sequence": 1,
    "role": 1
  }
},
{
  "model": "scheme.sequenceroleassociations",
  "pk": 2,
  "fields": {
    "sequence": 2,
    "role": 2
  }
}
]